credit_score,income_monthly,debt_to_income,loan_amount,payment_history,employment_years,previous_defaults,default_risk
674.8357077,7099.033155,0.384974542,22865.63907,0.867132959,5.972369583,0,0
643.0867849,6386.950524,0.146206891,11070.66754,0.942418671,1.101256489,1,0
682.3844269,5089.445555,0.344174374,18201.85164,0.70132826,0.899285085,0,0
726.1514928,4029.594833,0.177698669,21505.5367,0.696824235,6.478360989,1,0
638.2923313,6047.33497,0.665764647,20919.17258,0.622291489,6.014040544,2,1
638.2931522,5590.228078,0.763381618,33465.16832,0.579945779,4.88520927,2,1
728.9606408,6342.78983,0.150621533,21749.00012,0.656543462,2.20910299,0,0
688.3717365,5952.757703,0.768580645,14979.72702,0.931892501,3.584178119,1,0
626.5262807,6574.329073,0.46580362,19522.67876,0.721442497,4.474506505,1,1
677.1280022,4197.147183,0.309695975,11118.76833,1.002722893,1.808212063,0,0
626.8291154,6976.091098,0.153803453,19597.00125,0.90694275,3.521942684,1,0
626.7135123,5296.399407,0.450436988,15834.71971,0.506299157,6.304660676,1,1
662.0981136,8112.891309,0.656160881,24576.95138,1.030995117,7.854610729,0,0
554.3359878,3966.218273,0.594960534,17252.29863,1.062159729,4.161130495,0,1
563.7541084,7603.945705,0.135158208,19416.17042,0.701227465,6.512976709,0,1
621.8856235,5296.866175,0.151031285,16822.21079,0.984038309,1.171879859,1,0
599.358444,4022.872995,0.382011298,28694.25676,0.728700353,6.318902482,0,1
665.7123666,4274.171249,0.306703346,18393.78617,0.919534075,3.392103171,2,0
604.5987962,4519.479038,0.262669026,29162.78522,0.647100319,5.614691233,1,1
579.3848149,5636.24892,0.296703149,24070.75881,0.541378709,4.504495164,1,1
723.2824384,5784.253232,0.66243792,22410.33364,0.823436562,7.64082802,0,0
638.711185,4139.449994,0.750459638,21843.66574,0.875254211,3.251128703,1,1
653.3764102,4963.468112,0.383571886,21968.98649,0.820464061,6.255212595,0,0
578.7625907,8213.405538,0.734277701,10361.6371,0.663193888,4.440985073,0,1
622.7808638,7591.314755,0.325046991,18605.58303,0.820020188,4.683389044,1,1
655.5461295,5654.485505,0.43350589,24225.78986,0.953858951,4.632292214,0,0
592.4503211,5057.005217,0.258220298,19755.51408,0.891021394,3.308653791,1,1
668.7849009,5180.04699,0.54833323,12974.05077,0.936500206,4.971802068,0,0
619.9680655,5920.276959,0.785286781,19737.97775,0.76597696,4.874703556,0,1
635.4153125,3465.811152,0.522445167,28520.52758,1.134343583,5.482480497,0,0
619.9146694,4613.935194,0.350469859,26234.45858,0.664765333,5.169010291,2,1
742.6139092,2497.123889,0.553472212,19689.97995,0.997512059,6.595989099,1,0
649.3251388,5598.834684,0.186044475,24757.24639,1.136378219,6.847017232,1,0
597.1144536,5970.79391,0.722061356,18167.4649,0.996181619,2.898753356,0,1
691.1272456,4275.220307,0.452158766,11480.64207,0.859495155,6.737545001,0,0
588.9578175,7360.980145,0.414544819,15377.67006,0.794340591,2.627327146,2,1
660.4431798,3161.351505,0.510105352,27814.44384,1.10721753,6.175711776,0,0
552.0164938,2803.43768,0.537348704,18630.03459,0.615405015,6.239477569,0,1
583.5906976,5336.677728,0.150243064,18783.0801,0.705975148,1.177366217,1,1
659.8430618,6570.647454,0.577832055,18500.80902,0.820488447,5.185958493,0,0
686.923329,7525.891537,0.269352176,29520.68295,1.147530752,4.063007773,1,0
658.5684141,4311.673606,0.599766843,28129.79458,0.975953527,3.482469484,1,1
644.2175859,6618.02125,0.675774356,31093.90117,0.706390848,7.701704661,0,1
634.9448152,4942.237296,0.662770955,19204.77395,0.837938459,3.692641719,0,1
576.0739005,4741.05905,0.486750677,21478.12244,0.777135371,3.387246142,0,1
614.0077896,6325.489906,0.464118925,12416.78725,0.758042202,5.15138988,1,1
626.9680615,5978.484318,0.200013173,27384.67213,1.095777912,6.371179493,1,0
702.8561113,2635.411765,0.642742305,14161.10224,0.625651374,4.716702828,0,0
667.1809145,7214.810525,0.289986566,21083.87782,1.221756171,7.332741091,0,0
561.8479922,7070.137031,0.447686796,14513.48736,1.065645938,6.061951324,1,1
666.2041985,4061.655948,0.298991865,17055.66587,1.118172334,0.643577361,1,0
630.745886,5593.7053,0.193679854,15813.68784,0.807412098,3.941066073,0,0
616.1539,5741.045279,0.540690388,16960.6237,0.870011856,3.876315801,0,1
680.5838144,5391.010649,0.138032424,17304.38648,0.613369637,5.958721907,0,0
701.5499761,4174.542269,0.624051664,17258.65603,0.795067519,-0.249634113,1,0
696.564006,3992.564948,0.322310757,24166.66956,0.99873097,10.09801942,2,0
608.0391238,4961.668894,0.100094285,14475.68603,1.159212612,6.06205219,0,0
634.5393812,6759.093529,0.457790397,21102.70714,0.678568637,5.297753608,1,1
666.5631716,5815.400232,0.132796336,26089.79576,0.826898813,7.363135433,0,0
698.7772564,4444.078502,0.29331869,17434.01818,0.869740156,9.687308106,0,0
626.0412881,6157.548066,0.594883541,16410.40555,0.62084216,6.741493289,0,1
640.7170512,727.1860691,0.143882735,18847.37687,1.018269848,6.897626193,1,0
594.6832513,6723.148551,0.687536945,25898.62604,0.755201934,5.261380049,0,1
590.1896688,2390.429332,0.102673946,20970.53815,0.86092193,4.716948493,1,1
690.6262911,4456.338588,0.272776708,17343.92853,0.809610126,4.048409112,0,0
717.8120014,3320.495158,0.618632839,22419.38326,0.742132299,3.347776017,0,0
646.3994939,3057.977786,0.321389105,14488.53925,0.898591003,3.625971801,0,0
700.1766449,6741.240181,0.171324672,23406.79755,0.856878084,2.298888071,1,0
668.0818013,4298.448198,0.352163743,22043.03654,0.825628424,4.848257099,0,0
617.7440123,5519.755823,0.2892753,18460.95764,0.754307676,1.630664846,1,1
668.0697803,4929.619132,0.689898332,15807.07101,0.963904934,5.381833048,0,0
726.9018283,5715.561241,0.319343542,15566.59539,1.230723454,4.927338784,0,0
648.208698,5115.232837,0.65225273,22674.08668,0.927977447,5.293870597,0,1
728.2321828,3075.511664,0.724310501,26144.90251,1.099223643,3.95573686,0,0
519.0127448,6494.400229,0.403672194,16813.46126,0.621955615,11.15372074,0,1
691.0951252,4259.365125,0.736960201,22291.93352,0.931552288,7.7202318,0,0
654.3523534,2665.127152,0.364122638,9564.864907,0.680526336,2.510915,1,1
635.0496325,4357.827259,0.774854892,17076.91135,0.604615014,5.465736175,1,1
654.5880388,7251.139686,0.162502667,19844.70534,0.752125719,3.783987714,0,0
550.6215543,6275.332613,0.580913487,15451.58292,1.138379867,2.971040547,0,1
639.0164056,4477.021798,0.445669828,15317.46813,1.090003166,2.319855858,0,0
667.8556286,4476.113444,0.371354164,16661.10222,0.948600944,5.864433382,0,0
723.8947022,4517.547423,0.542898315,21460.96364,0.593459888,3.63723953,0,0
624.0864891,8115.121975,0.592699964,19063.35491,0.86074387,6.935652048,2,1
609.5753199,5572.903178,0.103054289,8808.843833,0.960340002,6.987564429,0,0
624.9121478,5645.062471,0.216867162,9396.499237,0.935107246,7.74782877,0,0
695.7701059,6545.425181,0.599132235,16965.67411,0.531241283,3.295226468,0,0
666.4375555,5358.183739,0.56646979,22288.43293,0.72193643,5.950731221,0,1
623.5119898,4611.436781,0.776233254,6262.475786,0.887184447,6.264908433,1,1
675.6633717,4705.475226,0.632726453,17501.34912,1.007258182,4.05164365,0,0
654.8538775,4892.598111,0.765540895,17368.76072,0.460774436,3.456456085,0,1
698.4322495,4944.166645,0.591778351,26941.68889,0.867575205,8.219041332,1,1
614.8973453,6091.444315,0.308636546,18074.89094,0.928609754,5.454991751,0,0
633.6168927,5077.918829,0.173755446,21914.94492,1.069922398,6.271935501,1,0
630.3945923,6098.960116,0.647276704,20706.2857,1.038571517,3.355847976,1,1
576.8242526,4878.92513,0.550904455,9347.167601,1.016514264,2.561431067,0,1
664.8060139,5117.952785,0.133730209,23841.03608,0.740011899,3.861100451,1,1
663.0527636,2002.698973,0.352035326,21076.98253,0.518399573,4.751957225,0,1
650.2556728,6374.491512,0.769759871,22541.3432,0.821389449,2.871559986,1,1
638.2706433,5519.732714,0.450280802,39631.18853,1.100326365,4.980310383,0,0
579.2314629,6497.015165,0.402910395,9579.435303,1.178690906,1.622989624,0,0
628.9677339,655.6169327,0.420389724,28623.48325,1.04210982,2.759905155,1,1
632.8642742,8132.562057,0.246217907,18562.7624,0.985868165,6.341822497,1,0
609.8861365,4790.615558,0.35809502,21436.64452,0.97592793,6.207581041,3,1
641.9357144,6662.274225,0.358869279,19772.43877,0.788776251,4.216246469,1,1
670.2025428,3440.141109,0.136648514,17878.81833,0.873987941,2.964471382,0,0
744.3092951,5919.160858,0.63729734,17150.83536,1.233813905,2.945192897,0,0
658.7288906,3419.876655,0.391553102,21647.54368,0.711488399,4.253463508,0,1
662.8775195,4064.346559,0.675525921,12414.13152,1.222955758,6.289036983,0,0
646.2777042,7871.047031,0.695243601,23752.89584,0.835594369,6.856491383,0,1
554.0614392,4713.976399,0.248395838,17919.02798,1.165086422,4.006936529,2,1
648.6743062,5326.14931,0.560147438,14349.6533,0.618636998,2.693015148,0,1
653.0115105,6305.101596,0.430597263,17749.93571,1.01718084,5.535687276,0,0
773.1621056,5743.522832,0.716109717,26285.74608,0.752645973,3.352930059,0,1
640.3819518,5225.628358,0.251018475,17323.32456,0.616946562,3.963494722,1,1
665.0773671,5547.441504,0.57446924,21792.26809,0.943706808,7.650552181,1,1
648.2644115,8605.123378,0.525426486,16345.21862,1.101894358,6.654230857,1,0
591.5660981,4913.571804,0.306711034,23789.60925,0.731011712,5.315948625,0,1
707.1411407,5301.64857,0.195620633,23427.53869,0.600196808,2.456161998,1,0
687.5966516,6575.981594,0.556147832,29243.04417,0.881631047,5.422793135,0,0
689.5515974,6658.288899,0.617018221,19122.18027,0.882512934,7.125314582,1,0
604.5306273,6780.545458,0.320939141,23343.27402,1.009663926,4.248732668,1,1
720.1397155,5958.095333,0.551382823,20490.3377,1.089918914,7.70222818,0,0
579.9074469,3285.492631,0.376591635,26479.35891,0.888116964,7.585490579,0,1
679.3428547,7450.147298,0.599244818,16405.83806,1.271100663,8.327465664,1,0
759.5227813,3280.48191,0.239450692,23725.02656,0.944846949,5.610486253,0,0
600.4731837,5453.953198,0.723150502,19026.51352,0.830714699,6.1747834,1,1
621.6851135,3868.586225,0.301186718,19679.05911,0.577686528,7.828374577,0,1
654.9825683,4903.79248,0.357450191,20458.76242,0.847468096,5.894787874,0,0
624.8262173,5493.143615,0.140664366,21261.20198,0.832722611,3.997531784,0,0
572.4668284,5482.035823,0.178058549,19418.85478,1.092060959,4.102914327,0,0
653.4281487,5632.881131,0.461103332,21073.56592,0.992496725,5.477109908,0,0
596.8848143,7420.566904,0.287314874,27890.59029,0.664126176,2.418877156,0,1
673.6796215,5680.301452,0.684836158,24927.24843,0.934450877,4.713482169,1,1
604.0287883,4633.765047,0.110285372,24345.77296,1.034306234,7.193094236,0,0
727.4967203,6446.130752,0.365365834,17722.30237,1.205606272,0.617492298,2,0
610.8373354,6784.205733,0.336141883,15553.79586,1.077500793,8.068964204,1,0
633.8969242,3158.588277,0.113529342,24776.50279,1.052169331,7.244748437,1,0
690.6758609,5896.100105,0.187057879,24380.23396,0.912017199,4.080470768,0,0
588.4567842,6051.759113,0.389549872,27363.35338,0.977662401,6.086781656,0,1
661.3729967,4553.654745,0.445005209,16980.09687,1.14990098,5.006295454,0,0
715.3571377,7063.56022,0.383002823,18852.25672,0.633444521,7.459980737,1,0
569.6258383,4774.916619,0.471656375,11802.57919,0.830112135,6.965366286,1,1
659.2316929,5188.36468,0.516592172,18037.64447,0.74548625,2.199858554,0,1
662.9941397,4740.392264,0.106946675,24982.85255,0.975830624,6.174524827,0,0
689.0911436,5023.368571,0.424866612,17667.5231,1.146044435,4.588744293,1,0
588.1524645,3355.58737,0.774449469,23202.39898,0.780605143,5.165665141,0,1
583.9771693,2839.923676,0.463322596,19047.48447,0.421939127,3.543656198,1,1
676.0970783,7391.757595,0.574279587,21620.28514,0.817555851,8.496274138,1,1
664.8492337,3729.557978,0.318304701,14261.54305,1.082694746,7.08012364,1,0
662.5246425,3512.911476,0.641793965,20426.04725,1.007525981,3.520457672,0,0
667.3224105,1769.91483,0.641045037,5044.320145,0.98563725,2.330778786,0,0
615.9987639,4041.557378,0.464907233,19065.51921,0.84400134,4.228654738,1,1
661.6126849,3015.36531,0.783209676,11847.63378,0.644193853,5.869005292,2,1
664.6536237,7463.02274,0.18788515,26029.97258,1.003058864,5.480411688,0,0
614.2824291,6514.725634,0.111863365,23887.03676,0.733143638,7.50626565,0,1
743.2887256,3967.774482,0.639110748,22333.35491,1.336819347,6.579839444,1,0
673.691646,8378.653708,0.665008876,27605.03114,1.014101442,6.939138052,2,1
590.4348251,6472.64823,0.18414506,15255.4174,0.783870339,5.653710801,1,1
682.8276804,4512.752925,0.285907983,28736.81599,0.777722951,2.22140254,3,1
601.2659165,1250.891428,0.112286654,24660.95782,0.881411159,4.608602938,0,1
689.3542302,8436.413859,0.305316028,18817.22356,0.852099616,7.12017948,0,0
707.929779,2915.6413,0.641199312,25678.10074,1.123366755,4.896954143,1,0
608.9658841,2531.90188,0.462572369,14468.53244,0.937283234,6.006180737,1,1
698.1688065,6533.855648,0.343666915,15877.42919,0.753673652,4.36250337,0,0
670.6390463,8659.62861,0.360217506,16957.05138,1.278088137,2.940376303,0,0
691.103008,7076.409228,0.100947538,17355.11146,0.909861666,4.753311872,1,0
744.8396491,5845.86368,0.309860369,14717.21179,1.053767935,5.618094886,0,0
637.7305942,5892.131512,0.552521119,26115.41534,0.778354699,3.688624561,0,1
612.3131918,6280.123338,0.781936111,18705.728,0.972623126,4.52857751,0,1
605.5242785,6138.392885,0.692942579,21762.52484,0.962221998,3.121073516,1,1
609.2094858,5421.787136,0.116516475,17148.24317,0.522070142,7.238489835,1,1
646.1449145,5156.301656,0.728992423,10896.9835,1.303055022,4.411088485,0,0
667.0575987,4906.110308,0.648238889,21350.28679,1.158128892,7.90551109,1,0
663.83454,3869.053117,0.646263286,10438.72512,0.820560937,8.057495701,1,1
691.3591625,4578.987385,0.420597031,19656.82977,0.679546052,4.837908071,1,1
650.6500946,2460.564779,0.378603705,13158.42481,0.969512323,2.983102535,1,0
722.6767039,4852.49056,0.31204101,29936.38,0.91733954,0.828204245,0,0
636.7671583,3517.113339,0.145986401,24556.81361,0.97113379,2.055925854,0,0
786.0084583,3344.616024,0.259764754,20528.76896,0.938315479,2.25233035,0,0
681.2833674,5269.841227,0.272622544,26318.53339,1.001248198,7.756939255,0,0
607.1421222,7088.00343,0.438853949,15768.42011,1.18946114,5.231649174,0,0
596.4553751,6377.474909,0.623211085,22717.39689,1.013620641,5.779209048,1,1
674.1236208,2644.249095,0.43166688,20999.05217,0.6900689,0.559157982,1,1
638.8268607,3515.557795,0.140491115,21320.10041,1.172512571,2.604067142,1,0
685.7000247,6411.156782,0.770452861,26361.7675,1.228122913,6.774159553,0,0
673.6618812,3526.26891,0.759907023,23662.46051,1.530411347,5.573548225,0,0
646.3585544,4663.050275,0.64963268,21443.61831,0.675301193,4.705589443,0,1
607.6603141,5825.078149,0.793929531,11725.56282,0.948576403,6.129684717,0,1
574.2576388,3547.483318,0.481137633,15199.76852,0.483580259,8.271595612,0,1
627.6742524,5158.063259,0.773937845,19386.45533,1.010629831,4.557915073,1,1
692.8199397,2998.961758,0.152923528,20466.86187,0.79035994,5.138739605,2,0
660.7046872,4097.948534,0.355976524,14348.98138,1.284689159,5.385193837,0,0
587.7130611,5479.672901,0.257766888,32058.38338,0.745077006,9.784219271,0,1
658.6590463,2610.5094,0.237083159,27581.97028,0.562163392,0.801287471,1,1
669.265869,5660.712107,0.198562064,23010.5916,0.805747252,6.36644603,0,0
605.8071282,4970.543302,0.535689549,20360.18431,0.504902446,4.770395502,1,1
657.6862553,5828.734932,0.646925299,18938.95515,1.050219891,6.133543452,1,1
652.9104359,5335.871201,0.50480888,15240.4077,0.486983391,3.685254892,2,1
592.8514851,7046.210645,0.202873897,20387.40259,0.905691516,4.902069938,0,0
667.889368,5187.836754,0.667786639,21288.7627,0.484437636,6.422821159,1,1
678.0392263,4355.891688,0.545168295,13791.19712,0.835940439,11.2258204,0,0
704.1525622,5183.446255,0.371715994,21670.88209,1.228675631,6.616072379,1,0
702.6901026,5814.947044,0.571891207,19223.70476,0.972129578,3.303868804,0,0
581.1165316,5073.290105,0.281933485,10460.96221,0.727301279,4.152480636,0,1
603.108748,5060.887537,0.341634546,15698.07495,0.893759302,4.093171783,0,0
675.7517634,3947.012468,0.74224009,17931.97233,0.903603374,1.408713655,1,1
675.6892975,4005.648624,0.303353154,29438.43829,0.994526069,4.339819617,1,0
675.7523843,2896.092092,0.428991788,22782.76562,0.626628327,6.465658164,1,1
842.6365745,7624.365115,0.723098796,13322.59215,1.018513455,2.451535762,1,0
678.5445255,3134.205147,0.595404945,22430.18145,0.359121674,7.096965302,0,1
706.778282,3960.642203,0.143542258,12263.48006,0.77402309,5.975549642,1,0
697.7000882,3922.389102,0.203112131,25413.45527,0.802345232,3.531533356,0,0
682.5695626,6342.386565,0.105489114,17644.37674,1.026665365,4.716940725,1,0
634.2365378,4557.575483,0.541645253,19531.81906,0.904526171,8.196643615,2,1
687.948461,6871.613109,0.413371398,26628.98324,0.618887389,6.467095627,0,1
611.3587393,3989.764064,0.193992396,13564.18216,0.703001375,5.01756731,1,1
638.1590697,5418.491243,0.770553885,13014.40907,0.939736002,4.524633366,0,1
625.7318226,3746.97942,0.470761807,17082.00337,0.884186532,5.153218141,0,1
654.093707,8217.723692,0.269325306,25191.89426,0.784175178,3.976472884,1,1
765.7329283,3218.602371,0.4504225,12403.26962,0.803833242,0.790500989,0,0
556.6367404,5464.731065,0.575734233,5839.222009,1.039233599,9.084355821,1,1
684.3130095,5950.665321,0.153367453,17744.20571,0.796461485,5.310649998,0,0
569.3642064,5620.698646,0.292292671,22758.704,0.882381751,5.79629453,0,1
626.4034067,4722.068512,0.664875844,26001.30875,1.333987318,4.8841845,1,1
704.4475298,4805.26895,0.421765409,17684.19319,0.615263473,3.529766399,1,0
653.214001,5065.717208,0.482603999,17942.86696,0.529631454,4.628151038,2,1
596.1127611,4779.496998,0.402971202,25769.50367,1.056717933,1.801210476,1,1
614.2348145,6445.818675,0.13072996,10651.2915,0.764271388,9.554172996,1,1
683.9798874,8315.784502,0.216024846,18057.39612,0.836352494,2.530976003,0,0
613.4816684,4163.762322,0.411879147,20952.11945,0.743768724,2.936067432,0,1
660.8229295,2945.295531,0.246429826,22246.09361,0.848039972,4.119481591,0,0
652.278592,4867.576927,0.13498532,17450.96653,1.219707622,7.57615145,1,0
617.4199826,8869.564006,0.690554765,20172.20506,1.060425692,5.029017999,1,1
757.1972045,3794.488148,0.78683477,7558.363233,1.072444702,2.527728408,0,0
681.6959511,7458.675208,0.655200012,16708.75794,0.616754589,7.508676722,1,1
548.7428707,7516.551221,0.697649445,22267.54356,0.669769253,6.462001254,1,1
659.3227157,4169.617637,0.269383991,15088.52983,0.332184268,6.076869914,0,0
616.9106768,5853.474619,0.772438883,20294.92111,0.738123836,6.431468482,0,1
692.6216667,7442.594935,0.237847993,22234.3625,1.091340637,9.788723801,1,0
610.3739631,4431.308389,0.766000867,18287.254,1.003389303,9.37018979,1,1
644.2631779,4694.62946,0.796373506,20852.31885,0.855697347,3.626569314,1,1
675.2493639,4127.478629,0.598205964,15186.33717,0.895539943,8.247769986,0,0
693.2877597,3477.864904,0.786800612,18966.9436,0.762222891,5.76633638,2,1
589.9851796,4026.083682,0.498677846,23051.08085,0.940951776,5.998191632,0,1
633.2749382,3164.0896,0.281679248,20784.8648,1.053175656,1.615458337,0,0
626.2527344,5051.125202,0.40589712,17067.34365,0.576822643,4.659228469,3,1
617.3335384,3845.040153,0.515492655,21121.08202,0.959929538,3.374352819,0,1
738.272712,5350.678868,0.151157093,23573.04895,1.086486974,6.65611763,1,0
670.2490855,2666.156531,0.535640285,9750.293607,0.816979942,7.142161001,0,0
586.9558023,5496.320348,0.786824486,25795.37032,1.040140122,0.851027298,1,1
695.8930974,6250.293442,0.233075355,18318.72631,1.462930889,4.955930272,2,0
756.1078099,2009.396536,0.654816581,22127.44967,0.879131441,7.24372301,0,0
701.623263,5561.084855,0.735529156,25986.23462,0.97866141,4.626642075,1,1
574.0315017,6841.503489,0.760591115,13141.63151,0.752388583,6.45812729,0,1
625.7882964,3185.538472,0.772094923,16452.79499,0.936250233,5.702330935,1,1
713.3455575,7508.85858,0.465021747,18557.25652,0.992054325,5.683320464,0,0
614.6165267,5628.528514,0.784115536,16081.23239,0.938968468,4.457370044,0,1
672.1909714,3942.482216,0.630117145,28674.68288,0.696060936,2.566838392,0,1
688.7317027,4916.346384,0.213170005,15716.13953,0.941272354,2.756939705,0,0
603.6534764,5837.490369,0.433830075,17222.2661,1.192439188,6.418705029,2,1
647.0237322,5114.008087,0.602831823,21021.94516,0.989727153,5.038916511,0,0
487.936633,5808.133989,0.273138221,13989.25237,1.092397438,4.722975511,0,0
598.7806179,3618.98961,0.548430628,18021.59644,0.852597606,4.152219915,0,1
637.3715924,5254.041236,0.566620335,21587.26631,1.049980048,4.389622309,0,0
587.6108409,2879.428255,0.213889821,18335.69798,0.955853568,7.093823589,1,1
731.6205652,4833.160908,0.495559719,19533.06571,0.709817854,4.329511836,2,1
578.4929311,3644.138538,0.640138838,17353.33944,0.963704201,2.317870573,0,1
627.9977757,3896.705086,0.449226965,12427.64845,0.701660667,6.487303551,1,1
656.5370289,6854.139763,0.108472182,21607.96606,0.773423945,4.590246672,1,0
722.0636645,6636.965181,0.106326928,28774.66536,0.937865661,5.062791731,0,0
578.2068924,5913.707181,0.349920541,20092.00815,0.959448855,8.215156613,1,1
708.1581876,3361.530853,0.748335848,21126.32059,0.662153507,4.958878885,1,1
650.5116531,4525.387325,0.260073746,23463.61378,1.110797154,5.578367346,1,0
600.9245674,6819.64655,0.544054582,13653.34752,1.014401256,2.642153017,1,1
673.1051737,5212.57537,0.255453109,28512.57329,0.759054313,4.560661095,0,0
659.9529848,8478.99431,0.325168993,21011.64398,0.592483041,6.21905209,2,1
619.9891561,5589.976759,0.693629463,28159.2845,0.871019084,1.889252532,1,1
653.4901042,5288.073675,0.61020301,16334.83502,0.810811257,5.401690186,0,1
630.7343202,4536.325304,0.166779494,29090.30961,0.922628091,5.201582145,1,1
655.6758673,5200.311357,0.400091415,23875.77747,0.827376668,5.082574911,0,1
683.1065337,4771.295245,0.120418835,22765.20043,0.498508628,7.074317797,2,1
729.3008408,6062.163015,0.436623103,21170.12227,0.822330612,5.66887703,1,0
588.1092251,6435.053475,0.563703808,18757.35691,0.838876178,7.956143797,0,1
756.6516687,3821.015809,0.182951837,26002.65829,1.026732205,3.012820969,0,0
552.39561,3003.15057,0.302219457,20701.79935,0.760360065,5.271849134,1,1
642.4107452,2245.69194,0.378485638,10164.65148,1.235734935,5.168933573,0,0
679.4158603,5761.98699,0.743671717,14414.06769,0.51767189,2.861491012,0,1
664.0495934,3344.950091,0.795278511,19070.77124,1.1622335,6.912590004,0,0
618.865024,1770.664111,0.131437909,21549.99492,0.855136206,9.649346612,0,0
639.5938875,5582.867907,0.632705546,19717.05756,1.071916974,4.965987851,0,0
625.3499533,8739.499276,0.360206846,26094.85395,0.915960297,6.010042177,0,1
620.5317622,4990.893633,0.37472073,10244.49068,1.127911107,5.169036952,0,0
692.4801049,6257.736162,0.627985481,20717.93968,0.822527607,3.57283066,1,1
667.8507743,5122.744038,0.742898503,10910.10387,0.680275915,1.358479444,1,1
615.3545202,4851.66552,0.765650016,23798.56148,1.184100857,3.588453034,0,1
694.9799938,6378.614724,0.50398581,19527.70643,0.877303871,2.216083238,0,0
665.364976,4564.588184,0.349984812,22098.04986,0.944311695,8.408204156,1,0
690.6431059,5401.088471,0.65128436,15680.5852,1.146950383,4.769780612,0,0
681.4814421,5482.546709,0.275700968,26397.32466,0.693608952,4.308161342,0,0
608.5502495,3997.86432,0.49485182,25208.62332,1.01909818,6.77830765,0,1
621.990948,6488.063524,0.351004923,22917.72152,0.782021049,2.756497794,1,1
687.3646803,4737.560365,0.559641752,19352.41377,0.873566129,3.466271924,1,0
680.5185133,3866.382261,0.268279239,22899.28643,0.914455793,5.136144538,1,0
648.9549203,5804.764765,0.234115062,16465.53716,0.599955628,7.057537983,1,1
655.8663692,3652.298027,0.742767361,24277.7783,0.744232591,6.00337009,1,1
713.8832448,5042.271736,0.171262578,28247.40447,1.170214578,5.496650285,0,0
620.4214306,4986.321505,0.454170535,25353.0528,1.077238238,5.15623547,1,1
677.3548691,6628.843349,0.254596948,16351.98765,0.887472085,5.800471711,0,0
639.8903674,5712.047349,0.127250974,21807.08659,0.948624692,5.40330581,1,0
639.1159398,4962.459562,0.125213173,13534.29228,0.841151499,2.94005545,1,0
704.9388426,6226.649449,0.22265524,22861.95156,1.171316677,5.092158443,0,0
691.2708174,7085.311324,0.706739248,22253.01706,0.859929484,2.852622682,0,0
690.6754818,5836.71546,0.297735121,10650.9183,0.946368418,5.162165086,0,0
715.2739404,5015.52893,0.765321419,14191.08078,1.129206029,4.038704117,1,0
651.0501921,3032.245651,0.507135605,18584.30552,0.744525703,10.07876325,1,1
684.0976486,3402.329505,0.405629933,18495.70126,1.211757837,4.920211232,1,0
634.4866622,4542.162943,0.506062184,13952.61532,0.593907718,2.191520867,0,1
666.2083176,4085.731697,0.46168887,21944.89365,1.225928426,4.731639579,1,0
643.4928473,4719.543046,0.631143378,21257.36804,0.825464883,6.038717491,1,1
654.8497982,5084.974887,0.297747246,19028.65434,0.85146025,8.346727892,1,0
679.7578513,5794.539132,0.347135274,16221.0425,0.521997966,3.8210952,1,1
609.0889658,4894.251833,0.725866012,25243.53563,0.809041057,1.835144052,1,1
754.6193638,5729.752466,0.762519559,28277.03557,0.692038694,6.633674023,1,1
599.6991309,5096.711622,0.724790759,17582.19258,0.778470731,2.238802588,1,1
589.2905694,2036.80015,0.393613596,16939.16541,0.872537807,4.127689117,2,1
707.9055437,3590.996909,0.646255852,22456.03833,1.091558323,4.484759029,0,0
689.5831347,4783.868666,0.433435013,18209.8531,0.94152067,4.860733093,0,0
681.2059909,3185.457886,0.448277897,19303.014,0.961535331,6.378328914,2,0
681.4172755,5899.893095,0.243276076,23698.26576,0.680896122,3.632731435,1,1
649.3876614,7296.126249,0.513791212,10453.21956,0.723849182,4.452541496,1,1
605.1372814,6828.142778,0.230295128,26591.51162,1.259745004,4.971459294,0,0
653.7902279,4679.835694,0.332095289,20363.40262,0.752959793,5.299195915,0,0
616.1419144,7236.089205,0.698521141,17942.53428,1.23124165,5.195654349,1,1
698.7559867,5223.001186,0.244953066,19553.82923,0.85138776,5.87201155,1,0
642.6471309,4494.371043,0.1498108,19812.14678,0.900457587,6.687679019,0,0
608.7251402,4079.896005,0.148305315,11343.99348,1.114073032,5.785268231,0,0
633.9307079,4546.29547,0.758549164,27474.69114,1.154378484,5.907171047,1,1
670.6465727,4417.734772,0.454844307,20206.62816,0.877837488,1.835553667,0,0
621.8137724,5255.624334,0.38658845,22215.01065,0.822351389,5.100455398,1,1
608.8889802,5240.860972,0.667615007,24757.74885,0.88881591,5.959015096,0,1
662.1843606,5004.56903,0.68507815,14894.18771,0.967591506,6.457882389,1,0
662.2483286,5655.407255,0.332533723,22367.3595,1.078260737,3.615298452,2,0
624.6528412,6785.969412,0.58553264,18661.79455,0.900845972,3.68192145,1,1
626.4480847,6424.331203,0.639785971,24233.85388,1.02377726,3.851798649,0,1
661.6024969,2772.653047,0.558255481,9363.862898,1.227671946,6.0728278,1,0
577.5957829,1169.118298,0.206116552,19504.5285,0.976261922,7.06776211,0,0
579.6268113,6401.479867,0.713118158,16985.89672,0.962330571,4.185079785,0,1
614.0777889,2949.681952,0.477366187,22161.31475,0.596217835,6.815924627,3,1
639.3276424,4662.851897,0.297730698,22350.22094,0.373853973,5.246959618,1,1
665.5453783,3244.830461,0.39765973,16461.87053,0.977675146,4.751428446,1,0
723.7678108,2297.029344,0.126299763,16439.13068,0.881035154,4.57723154,0,0
692.8829812,5812.194092,0.189506761,19446.67316,0.797043465,6.493222729,0,0
642.0030735,6138.73274,0.635882725,15516.78886,0.948706041,5.651155634,0,0
649.0491896,4135.234399,0.100008144,24209.91848,0.887919254,9.551650855,1,0
599.8735318,1113.436562,0.39159608,18153.964,1.12555605,3.295550714,1,1
649.0743432,4180.633328,0.465757127,5465.058903,0.917222174,6.036203404,1,0
635.5670681,5587.706008,0.138244094,18125.88972,0.750615343,3.94159798,1,1
666.135928,2781.632647,0.781154714,14807.2809,1.098033248,3.261426026,0,0
608.6384528,5275.03988,0.258287732,11843.62092,0.856573785,4.978265726,0,0
675.9673257,4977.035226,0.312939104,13812.86681,1.005307337,5.274704959,0,0
726.6369457,5868.937249,0.312759759,20547.04236,0.804517859,10.83634711,0,0
644.5619926,5179.370553,0.261291663,26643.20414,0.770034623,4.631708369,0,1
670.0855861,3540.396589,0.101031675,21565.92237,0.916833646,2.739642541,2,0
684.5071996,6794.857252,0.610541356,16967.48306,0.902565729,5.546021435,0,0
629.9389764,4762.20564,0.77679185,22279.52098,0.995965407,0.850719925,2,1
661.2046241,4959.043191,0.257005438,17704.54845,0.846270849,4.816086435,0,0
650.62962,3600.098061,0.564133034,16526.99815,0.532728043,5.032050565,2,1
654.8838049,4335.076623,0.619327429,14228.18666,0.813445223,6.589200766,1,1
611.3495108,3672.795929,0.693897765,11240.85597,1.058763693,6.947244499,2,1
651.2255087,4740.58091,0.395840438,18050.38147,0.840524784,3.992860762,0,0
674.8999146,7567.56272,0.312051634,20790.26745,0.850723319,4.698771971,1,0
722.5571804,2942.148286,0.327706594,19516.88165,1.097275301,3.467758339,2,0
697.9635413,2579.657903,0.598834933,17920.16536,0.757605355,2.74387489,0,0
757.6591229,7206.755491,0.671745627,15271.2697,0.591439356,5.619789559,0,0
611.6326219,4686.014484,0.227129777,23041.23096,0.867873776,2.452828903,0,1
693.6160318,3996.390892,0.359658706,13414.3404,0.80316521,4.170746199,2,0
659.1671003,6559.857031,0.731358138,23880.13957,0.706750736,3.00965208,1,1
759.4901467,4091.57669,0.664685464,14988.91491,0.864924309,6.099366373,1,0
609.5850857,7739.01457,0.789400882,16237.82381,0.998301129,8.602860199,0,1
608.0139079,6016.888807,0.627973782,12666.07405,0.898142288,2.396824034,0,1
620.0303677,4268.132888,0.375236641,17492.98927,0.961396215,1.293963034,1,1
543.8052138,8235.96232,0.513446484,24876.56229,1.26268154,4.750226229,0,1
623.7122489,4091.427615,0.562709978,22578.14044,0.831424228,5.031395592,1,1
612.0433669,6113.143058,0.154919071,24892.11056,0.955669727,5.437318614,2,1
657.5196893,5448.938871,0.481147871,22610.71273,0.798157327,4.10735897,0,1
667.0877988,6952.611934,0.59652458,14481.65086,0.730728056,4.598721402,1,1
743.808542,7342.266795,0.217124913,18346.05388,0.783018469,5.735020821,0,0
697.5211919,5048.006224,0.646442202,16099.00435,0.804248286,7.080861785,1,0
621.1548172,3869.873194,0.508640946,26652.87452,0.97189516,1.089902459,0,1
605.0792664,5689.958214,0.76655525,14016.05677,1.369815157,4.262121122,1,1
674.5959586,3983.426945,0.129695609,24468.48845,0.756791313,5.427617588,0,0
583.9883396,8020.080871,0.285728296,24464.76935,0.816674939,3.164047791,0,1
741.5729383,5204.802997,0.521087716,29148.10101,0.887375397,8.462339264,1,0
708.972006,4452.017673,0.307591939,17951.56704,0.97915977,3.72918024,0,0
626.5412174,5277.020459,0.600096915,23561.6108,0.952710162,4.917414626,1,1
564.3432735,2979.310566,0.631303698,31408.25918,1.156819159,6.112044194,0,1
717.6936187,3542.578942,0.171761175,16911.79162,0.414721586,3.817430422,1,0
644.2730077,6800.620862,0.459698125,12324.79876,0.422614026,1.306853904,0,1
711.8908156,4014.658582,0.456223389,10599.94983,0.800824366,4.142690946,1,0
570.2786171,3429.633526,0.358496539,23563.56014,1.119460038,7.058881112,0,1
620.0312489,5804.979129,0.753047404,10584.24896,0.586870394,4.326209746,0,1
650.262185,6778.556232,0.679254424,18138.40474,0.298473532,3.307131397,0,1
652.3490297,6078.429966,0.588046567,22186.56594,1.014235881,6.851344419,1,1
627.4967264,6494.071529,0.600028645,20925.87768,0.948731445,4.338450208,0,1
681.1424966,3864.807367,0.423201301,22127.22432,0.681958319,3.979678373,1,1
596.6189785,2867.284,0.744696165,21111.44928,0.70289208,5.298912179,1,1
642.8810257,7252.000478,0.586216799,26394.32907,0.706051256,6.541500419,0,1
656.0147816,4515.980242,0.610286743,15238.4181,0.922107063,9.763427063,1,1
675.7219417,4623.750475,0.703183633,16615.02431,0.774736945,6.654472215,0,1
685.5807439,6992.291213,0.291850113,16136.70277,0.998812784,7.319679933,0,0
593.7678954,5834.345014,0.664949633,24150.95906,0.329074667,3.988067602,1,1
573.2942915,5683.831658,0.236668422,24501.99294,0.728629627,2.948263788,1,1
713.8838411,8247.503517,0.341739367,22256.1266,0.674789208,5.124662699,1,0
666.6157006,4034.722654,0.334927318,25917.46833,0.848731864,5.214339831,0,0
612.5756732,6391.760192,0.784967828,14109.79566,0.792390448,2.842974517,0,1
727.5575988,5085.519687,0.699576057,28336.12056,1.059568756,4.64941094,0,0
655.7837317,5402.888418,0.590818903,27616.19311,0.528132646,5.798635203,1,1
708.9648592,7292.70264,0.608939733,23678.10999,0.909098295,5.72078679,0,0
653.3759241,5761.753634,0.493450956,28908.99454,1.011667285,6.008575707,1,1
753.0373962,5807.444119,0.762963467,11716.88396,1.271329487,5.58192946,0,0
737.7670421,6608.761006,0.447381127,17377.75932,0.803646806,3.985982681,0,0
637.5517926,4452.570906,0.366362397,16323.4827,0.964891721,3.972198747,0,0
698.5785475,3741.185499,0.214124736,23607.39662,0.539227441,2.602097204,0,0
682.2687975,3432.786209,0.650343957,14749.2963,0.421608759,8.569550078,0,1
718.4315779,2050.465116,0.614110752,23787.47575,1.068954875,5.026900729,1,0
601.753827,8084.310695,0.369048527,26852.68072,0.898887941,4.550293888,2,1
684.302573,3345.187451,0.11763539,23476.0145,1.135702538,3.142415837,1,0
702.9212243,4668.119565,0.687298129,21418.75512,0.625319422,10.8713158,0,1
562.0630257,4584.78005,0.107992588,15060.6333,1.003980428,2.853343936,0,0
590.8370744,5461.110047,0.592589846,15765.74517,1.273763568,4.142304149,1,1
548.0383911,6223.605819,0.779179977,26248.09453,0.983941122,5.831673673,0,1
636.5296583,6290.710233,0.40636293,23896.74502,0.955316301,6.200425931,2,1
685.8771128,4125.383842,0.264481383,19804.9024,0.901711216,6.91586411,0,0
725.1178526,4749.317429,0.593409707,17910.45227,0.585823709,8.615217016,0,0
653.704739,5423.869926,0.671989699,9870.960634,1.171114587,6.012315311,2,0
731.4307773,4626.963311,0.482501221,14645.73791,0.777828472,2.8879384,0,0
580.9949271,7411.018364,0.776924693,29557.09544,1.000896651,4.48610975,1,1
564.830878,5736.462427,0.136168105,13597.72214,0.587393139,5.615664745,1,1
647.2226151,6102.316679,0.453356919,20947.39911,0.664108067,9.136452083,0,1
669.2032724,5994.321903,0.602917763,25037.21987,1.18701748,2.204389043,0,0
648.3652626,6760.210786,0.70384833,13725.38666,0.830539542,7.40515301,1,1
546.627895,5271.532338,0.225478928,20923.55237,1.190655095,5.359828739,1,1
645.543998,3054.752078,0.660002437,24689.57769,0.884353868,6.67566107,0,1
584.776525,5599.531928,0.486894953,20062.49661,0.531620445,4.796010567,2,1
683.4836274,4022.964659,0.377587577,34342.01528,1.07841352,3.31513474,0,0
668.3299123,4207.074977,0.19220052,11657.00371,0.782021536,6.501745559,0,0
603.0060107,5879.546028,0.705707031,25293.64265,1.039737763,6.308862054,0,1
624.3066541,6857.424607,0.210091246,19135.99131,0.905042174,6.944113931,0,0
597.0393239,5031.907365,0.316851501,23859.60077,0.591376354,4.973390729,0,1
646.8660451,5463.249519,0.303031872,22206.53576,0.932858953,3.800355953,2,1
697.757116,7553.322417,0.709989824,16334.21901,1.339244628,1.88242601,0,0
600.7136977,5361.129769,0.570892096,21144.98196,0.998597292,6.638746536,0,1
675.2023258,8902.524671,0.657676978,10710.49274,0.888496449,5.847778965,0,0
623.4871191,5848.264468,0.275327529,23016.2375,1.11506868,3.068434734,1,0
610.3563584,2358.855861,0.53741187,21490.79233,0.942133693,3.922852653,1,1
644.648482,6130.012432,0.500222188,23193.30084,0.941906846,4.066482376,0,1
598.2378839,5571.737577,0.682981264,25290.59163,0.681674966,2.034031136,0,1
622.3175347,6934.629131,0.734260942,21838.0992,0.946769605,3.364635207,0,1
590.1061054,6009.772027,0.10850974,20740.4471,1.107088683,2.732339286,0,0
748.2362566,4792.316024,0.571813943,15594.65832,0.73278757,4.175041976,0,0
651.7631776,3163.552646,0.136285059,16438.89618,1.184899164,3.522605003,0,0
615.0137246,4686.465114,0.484201066,25933.6731,0.881658795,1.745990158,0,1
660.6989955,3724.219319,0.30134291,27181.67703,0.722446098,9.045180461,1,1
644.3835975,4129.214825,0.31474362,18809.44782,1.099526415,7.505081462,0,0
638.95152,5882.867607,0.347070952,20230.01374,0.842641153,3.441961157,2,1
680.708335,7504.856757,0.534904714,15476.92813,1.051902977,5.544842793,2,0
687.8753855,5592.007295,0.333834976,25863.78423,0.841648274,5.83493018,1,0
623.4749426,3206.175407,0.612889335,23327.08412,0.888034771,7.38217171,0,1
621.209088,5666.904002,0.38316917,29706.08718,0.998712041,3.362789947,0,1
636.2474151,6794.94723,0.14784724,15608.38461,0.958179412,7.184213568,0,0
534.9039418,4085.325644,0.64863189,18109.9605,0.500893644,3.904189392,1,1
574.2404469,4798.97425,0.300030827,21157.22961,0.675751252,2.328275192,0,1
718.3437134,5022.032292,0.402936816,23232.44769,1.085881997,6.448273119,1,0
732.2483857,3822.65253,0.579810718,18921.66181,0.873572682,7.581516848,2,0
637.548198,5972.420651,0.33271931,15635.19455,0.795253739,10.17581795,0,0
678.8278482,4818.577777,0.139609959,24407.03764,0.628285197,2.60054947,1,1
665.5625077,5629.298666,0.361744733,23605.67681,0.684052736,6.39783937,0,1
803.9440404,3668.761733,0.761114008,15418.6295,0.495640272,4.180397512,0,0
705.9787456,4343.81255,0.549214078,26777.21401,0.879743856,6.566717421,0,0
643.6041204,6083.572037,0.570035404,25850.99355,0.780312484,2.059020898,0,1
602.222978,4440.750272,0.542597508,20671.48249,0.706682422,2.474460449,1,1
569.677684,7590.445777,0.239294497,20397.98931,0.886375315,3.448250354,0,1
660.1731818,4400.545722,0.392833705,22770.28886,0.972794126,5.157928091,0,0
612.1824627,5337.027089,0.625657859,15691.48465,1.318639586,3.717837467,1,1
578.8873145,6398.886248,0.170961028,20150.1574,0.597623316,6.318108688,1,1
617.6713558,2872.451401,0.294496943,9238.082277,1.131876209,7.053789237,0,0
595.9225998,2358.786782,0.293423376,24382.27823,1.094620312,6.199155082,1,1
734.3570818,2711.515528,0.402413249,12192.53389,0.744181452,8.237575279,1,0
694.0819878,6893.876155,0.786258119,27517.09914,0.940647191,5.831653259,0,1
649.6013679,4172.212781,0.147251783,18349.39953,0.80847335,2.566206579,0,0
723.9972069,8837.298929,0.463090696,18941.66509,0.937137716,7.726753027,0,0
653.8684154,4153.628602,0.225555277,16861.33047,1.201826203,3.789687529,1,0
606.9357899,5276.826955,0.779473582,18559.80563,1.021121247,6.820836999,1,1
726.1562039,7313.164929,0.179312453,27092.65673,1.001721675,8.147468433,1,0
676.9455022,8009.139332,0.382520702,7560.956717,0.813938136,5.913376021,0,0
598.1376923,8092.255365,0.616519489,26384.82693,0.603188667,2.007682374,0,1
640.4830661,6812.549346,0.5931881,21690.11741,0.858306358,3.163575667,0,1
606.2190873,6536.093789,0.395910046,13964.89176,1.141321631,7.645488934,0,0
580.8600135,5888.790424,0.342566918,14623.43803,0.594566429,4.661754629,1,1
696.3088774,6167.541614,0.378328665,28381.96514,0.688982126,5.15914707,1,1
745.470832,4173.221426,0.284993384,15272.4656,0.925253547,6.517648832,0,0
580.0716213,3772.701675,0.243733057,14233.24745,0.703069043,6.392645724,0,1
678.1484618,4994.938314,0.438127788,25686.57271,0.741495311,5.557599625,0,1
617.4678715,4744.723066,0.287973629,21692.76438,0.815280284,4.582663258,0,1
625.6437308,4320.157926,0.301223165,15310.37212,0.626876519,4.374663109,0,1
620.3803038,6044.581171,0.559729244,21083.12488,0.705175631,6.715797651,0,1
606.8004615,6432.957813,0.777976132,14871.23658,1.040685583,6.107139062,0,1
652.4260814,5132.610329,0.52254604,25504.10699,0.638526044,4.485399999,0,1
608.4524942,7216.295122,0.153885627,25306.85482,0.580425573,7.164224626,0,1
663.5228413,3287.466329,0.15290853,22660.03099,0.773995004,4.74193177,0,0
647.4880945,4709.510811,0.765996255,21808.30531,1.046391101,3.296675651,1,1
638.0525977,3924.766519,0.308103553,28805.94062,0.860615638,3.482058602,0,1
604.6218169,2200.195074,0.16444689,19998.43164,0.807083784,3.042518327,2,1
621.1614335,4875.978971,0.519331211,14090.62937,0.90887176,4.455179967,0,0
687.7695613,4817.378737,0.536554145,22247.36956,0.550858513,7.467448557,0,1
675.0458594,7270.174615,0.553953374,30430.23525,0.998941131,3.389809638,0,0
601.1222378,5946.217527,0.28718142,14926.20253,0.976687006,5.376951522,0,0
654.9666153,3463.719764,0.110577479,18192.68617,0.818138305,3.686621309,1,0
687.5693562,7781.13885,0.775510759,22082.23019,1.101184902,4.479381917,0,0
566.5297359,6831.550543,0.275625132,19730.47575,0.67450078,1.979917576,2,1
677.1680096,5873.146555,0.573218402,15088.4821,1.125581799,4.558923542,1,0
616.8688121,4660.273852,0.594640909,25609.28928,0.930898733,4.61258924,1,1
678.5299334,3560.841145,0.527005192,31600.20361,0.832689482,6.080575888,1,1
611.8370422,4441.689836,0.319035176,20980.6573,0.896025273,5.446561827,1,1
559.755895,6633.12293,0.289767378,15479.65855,0.878547047,2.60321575,0,1
568.6228781,7826.879459,0.518367798,12255.19737,1.144056579,7.168396488,1,1
652.4042473,7314.865292,0.706266944,21289.87991,0.684664175,5.42060608,0,1
662.9861251,4266.725867,0.76271361,25519.38672,0.747496152,5.396787034,0,1
604.7841687,3320.57385,0.174134063,22375.83873,1.107260578,4.981635293,0,0
681.9296229,5211.32937,0.208380029,19987.9808,0.780893013,3.964485106,1,0
566.9239969,2347.340952,0.761315381,17053.64174,1.080106615,5.435604679,1,1
646.6960101,5484.751571,0.61557466,14539.18184,1.239887197,5.951176872,0,0
589.44919,4778.596121,0.718095677,24173.75663,0.819640995,1.506208617,1,1
617.4081946,4300.945247,0.241842844,24568.85811,1.036272465,3.922478325,0,0
652.3699336,2607.945399,0.51131011,12271.35107,0.669261544,4.490106059,0,0
606.9793317,5770.40016,0.590797716,27949.19489,1.05094666,5.512341211,0,1
630.7722228,4200.948741,0.57607832,22870.3561,0.939884797,7.386622012,0,1
700.3146405,3245.124746,0.385706184,26997.97323,0.994607656,3.456518371,0,0
621.1554065,691.6066801,0.110776424,13289.36126,0.770885586,4.004076306,0,0
691.7846056,4958.727642,0.50804824,13170.87922,0.567783317,3.974931779,1,0
593.5146573,7658.377395,0.277171077,19255.15345,1.000650413,3.39694482,0,0
676.4902089,7491.888822,0.415177972,22513.92213,0.48731937,4.30562701,0,1
722.078431,4314.355615,0.770306711,28981.80411,0.836529902,6.54160444,1,1
526.417775,4096.681909,0.379324722,23530.39457,1.088236373,2.892329009,1,1
610.1552372,5703.161384,0.687861125,18786.59362,0.938379547,5.85562879,0,1
678.8536064,3502.421841,0.231978424,14868.15396,1.289668529,1.59619554,0,0
639.8477307,5452.68785,0.570722349,26150.00286,1.105021831,3.877324007,1,1
668.5572937,6149.120418,0.783904868,15176.47287,0.769220322,4.3410214,1,1
619.8007407,6840.399836,0.171325171,28142.34277,0.905462676,8.349719346,0,1
654.3294894,4849.768885,0.10582396,18578.07675,0.890525859,4.45039539,0,0
642.2161382,4694.489375,0.403507955,27952.91036,0.583564647,0.597513053,1,1
708.3891031,3683.02612,0.164837838,23394.65645,0.711920217,1.002222186,0,0
662.7210422,3759.679469,0.623869045,19315.02255,0.787847819,5.068059173,3,1
666.8801331,4660.281662,0.740184065,17403.01814,0.492755899,6.227541712,0,1
629.4061517,5551.04826,0.403814681,18295.46061,0.909498694,5.750911715,1,1
625.6196888,6370.376939,0.28109815,22141.58346,0.850185631,5.335140212,0,1
628.3720906,3795.231574,0.404082323,20385.78248,0.56542122,7.324519195,0,1
669.7226071,7239.032853,0.606413472,17030.94296,0.980842573,3.920817559,1,0
628.950776,4593.314598,0.106337913,19171.84295,1.043174549,6.789821112,0,0
664.4887428,4967.949058,0.512617793,20392.88515,0.945406896,1.73597023,1,0
753.7700399,3879.182481,0.529304179,9356.329528,0.835186365,3.190104334,0,0
693.5562352,1363.63961,0.546381773,22290.84057,1.01828843,1.38591721,0,0
633.6988234,6326.068095,0.269415456,15101.39388,1.036044072,4.450309399,0,0
710.0606961,6105.265846,0.599836906,14233.33798,0.961480714,4.907477565,1,0
629.5962313,4578.008664,0.16397404,11563.27826,0.73507755,5.228202984,0,0
548.0937732,5100.486076,0.239489236,11030.53751,0.955320153,5.123766706,0,0
599.5956845,5773.908827,0.714229033,13222.76248,1.13909613,3.144893338,0,1
556.4604039,2656.181215,0.617106206,16454.89521,0.780674188,4.619518311,1,1
632.4243258,4206.420984,0.109621888,29766.29569,1.319587868,2.005106663,1,0
650.920919,6191.397019,0.273863382,17370.60162,0.794873813,7.72645795,0,0
733.8218656,3118.565865,0.250084538,20888.75053,0.906481403,4.392747854,0,0
666.3463687,5440.336898,0.28956443,22002.40693,0.765502881,4.022227762,2,1
639.0449736,2965.127293,0.273291839,20655.32593,0.944654167,8.177880657,0,0
691.4702791,5699.644974,0.143768407,19612.7827,0.551555661,2.515506933,1,0
539.4432345,4946.537777,0.421258362,14023.53118,0.79079164,2.748825772,1,1
661.7807279,2577.302276,0.612913432,27254.63774,0.68157576,2.80755935,1,1
688.5432597,6747.109032,0.524712207,29035.98322,0.92706767,4.864257237,0,0
576.0706877,3898.112635,0.571010168,11586.70653,1.098889475,5.863263259,1,1
707.1877022,3784.621344,0.156804425,14879.85705,1.029201237,6.479350936,1,0
666.9248204,5300.853796,0.766043497,18600.94829,0.425668128,10.14399063,1,1
629.2356043,6722.956024,0.686944284,15177.31103,1.308413931,0.501135092,0,0
681.6390933,3476.267272,0.663563223,22529.82777,0.959055988,6.217471178,0,0
763.5346429,5092.519775,0.676088664,16358.63899,0.744700172,3.885738855,0,0
659.0933128,5643.22475,0.752897356,30825.28034,0.931425584,3.827169702,0,1
662.4110293,6039.658411,0.480977776,25952.74297,0.935237965,3.760455743,1,1
627.031955,5264.662333,0.240197413,21062.87015,0.766630257,3.182460658,0,1
607.5077815,4449.458241,0.531748525,25134.93132,0.939583333,8.369049669,0,1
691.5167908,3758.614669,0.620017046,25529.50212,0.778505542,6.684594654,0,1
607.1958087,5129.215825,0.616542175,17180.26256,0.819127601,5.046391957,1,1
653.5783119,3391.791482,0.465014317,15918.91378,0.762744173,7.702031505,2,1
626.1171277,617.9742748,0.147921104,20390.71531,0.613465742,1.974942069,0,1
673.9489913,5654.839706,0.359779057,24308.18062,0.929167294,2.338589737,0,0
666.6831053,6355.902262,0.744536626,20695.30199,1.017059887,0.644064536,0,0
701.8769972,1455.601347,0.509114237,12115.01759,1.002976719,3.60117092,1,0
624.4991801,3485.403943,0.47683236,15985.87778,1.063985051,5.323397053,1,0
636.5062532,5928.731392,0.28819746,19630.13568,0.964868042,5.205717156,2,1
601.0618142,8086.243205,0.357914244,19621.67198,0.7934549,5.298683822,0,1
627.785337,5031.190562,0.726742262,29862.71088,1.067932773,2.177886338,2,1
668.8650247,3907.995588,0.566524133,13070.06029,0.628496492,6.606309485,0,0
687.8494308,4725.655338,0.651170919,22527.94621,0.719865723,5.479255036,1,1
603.8917338,7062.314629,0.418041796,27445.56554,0.707159986,6.466108563,0,1
693.480296,4031.053731,0.541173054,31357.24873,1.116011212,1.214475645,1,0
717.7818929,3801.21199,0.273868526,17978.01288,1.088557703,5.622981718,1,0
670.6717452,4275.884717,0.593822581,22457.14726,0.997461047,2.62446952,1,1
743.8397906,3570.007088,0.399320934,22848.80179,1.114385973,4.205353495,1,0
611.31054,5184.005474,0.40978186,20977.40866,0.724143444,6.068729797,0,1
587.7672648,7437.017688,0.554525627,19505.77399,0.969719024,5.182187213,0,1
561.0639876,5484.61891,0.755396435,22179.87695,0.874965114,3.29692004,1,1
724.8022156,4621.469747,0.144804443,7338.769574,1.069376421,5.012546312,0,0
682.7182828,4562.283097,0.677320266,23410.34745,0.876955153,1.93692937,0,1
647.2207665,2655.213787,0.304668177,20630.88952,0.823011422,7.300534792,0,0
663.9984313,6324.664666,0.410743618,18887.62552,1.008181704,4.589431961,1,0
593.7255476,4883.244204,0.11533933,30234.31098,1.075233833,7.237099889,0,0
772.287599,4729.28013,0.310732254,16625.32991,0.766330961,3.946936626,0,0
656.4610591,9789.661352,0.45184187,17984.62005,0.887784866,3.952848023,0,0
655.4697397,5448.129363,0.139323254,29957.76651,0.688311873,3.471626427,0,1
686.2883312,3872.313425,0.443767011,15839.69348,0.400387797,6.752347863,1,1
674.0504616,4360.463606,0.74897744,17249.42359,0.940091926,3.581137685,2,1
661.1942012,6722.668564,0.173775253,19264.87288,1.021781071,6.289190865,1,0
610.4762772,5169.905616,0.63510851,24203.67241,0.952413362,4.235095205,0,1
673.5734179,2842.583033,0.386769737,21039.01254,0.510087656,1.0480734,2,1
744.1012248,6378.843402,0.5586216,13536.87326,0.829830114,3.859371864,1,0
717.2710023,3997.783872,0.282165619,17339.15718,0.456330448,2.641783571,0,0
729.6593313,7809.946664,0.211644584,16963.22783,1.173940222,5.067805447,2,0
624.4392162,6620.072099,0.21232383,19613.89477,0.682789084,2.619184529,1,1
600.519759,4329.017157,0.149344362,22129.21829,1.151080722,6.851950201,1,0
643.710654,6921.524543,0.229952693,22091.02878,1.089173929,4.817848279,1,0
652.7862456,5101.783266,0.564953569,11119.94123,0.719881929,4.64480801,0,0
704.7095759,6279.160513,0.717183428,25319.70494,0.67344301,6.311784276,0,1
565.3767685,5727.099226,0.66988798,21262.84423,0.970074043,6.927813868,1,1
726.477516,3730.465018,0.579594017,26922.66024,0.731135193,4.959802496,0,1
642.0996051,4034.675252,0.177302304,22220.99164,0.920496928,3.457599401,0,0
628.6559465,6544.941226,0.302431212,25506.61479,0.803434482,1.452060768,1,1
599.3947812,4497.837002,0.316864813,22332.72656,0.543768317,3.627900486,1,1
567.2571664,4394.527305,0.274969862,26731.12878,0.453906396,3.765575507,0,1
691.1585292,3567.316131,0.460503962,22611.25318,0.94533685,5.214114906,1,0
653.6658984,5635.398598,0.47488767,19510.42377,0.787688451,4.309706238,1,1
585.501955,8093.787379,0.349820183,31362.1736,0.789382037,6.375865944,1,1
585.2460614,3398.700629,0.347652411,24445.18561,1.039172768,3.774033457,0,1
633.210765,5036.329185,0.679988919,22868.72211,1.134688455,4.885917666,0,1
733.4510763,7118.330833,0.652504994,13618.47792,0.845491056,7.367974886,0,0
637.0204324,4880.537913,0.315457082,13558.46191,0.831880259,5.683650428,0,0
574.8428523,5678.557694,0.739651911,21463.57741,1.000028607,4.879924917,0,1
637.7128468,3406.409708,0.766970512,20727.60599,0.628612886,3.796111116,0,1
636.3638215,5642.460646,0.328719779,16929.38717,0.944630611,3.733537207,0,0
515.1556679,4719.283602,0.348097464,20704.9135,1.010377194,3.298773494,2,1
647.2852567,6478.594994,0.453943907,27943.13464,1.036046042,3.917986268,0,0
638.4532735,6781.079077,0.758784569,23477.01237,0.512649459,6.511331677,1,1
684.8103182,8884.345463,0.713423603,14294.95745,0.747728946,4.556223457,1,1
742.4478047,5869.44976,0.171797574,19442.45586,0.724347349,2.300453861,0,0
706.3282515,5488.694475,0.37491152,15975.1676,0.919977391,8.536338586,2,0
636.5555655,5291.576452,0.487359833,18061.50042,0.996148916,5.639930382,1,1
594.6737046,4470.250561,0.452192731,17931.92167,1.199342081,2.186113199,0,0
778.6679902,5507.725765,0.235704148,17611.77209,0.801006904,4.116302146,1,0
652.9609217,4556.897885,0.70117174,13724.32314,0.8004855,5.221772766,0,1
650.6964646,5252.691464,0.573858548,19361.72659,1.129934404,8.409184187,1,0
648.7937456,6976.396303,0.686535862,17196.96182,0.959315388,2.783775083,0,0
659.904238,3490.186152,0.701134996,5352.75655,1.153530302,6.952081439,1,0
642.7819794,6709.817842,0.623849098,30264.86012,0.957745601,7.798972854,0,1
621.3168997,6975.672601,0.407447421,25443.84827,0.668576676,3.74269139,1,1
622.6570529,4822.89721,0.527382729,18118.49638,0.633374329,4.444972762,0,1
648.3623365,1817.217651,0.212255784,20094.09525,0.58969755,2.927381505,1,1
622.8287614,4088.267019,0.571551792,14141.72826,1.032410367,4.593077718,1,1
614.3577109,6945.49182,0.225477279,28478.61439,1.137719365,4.926820051,0,0
655.3215114,4965.697907,0.585764713,29486.44347,1.269872428,6.319299996,1,1
637.2511391,3501.046652,0.260718713,20783.46864,1.068621066,7.180366942,0,0
725.1996494,4242.837618,0.18228591,25117.65322,1.132567716,3.503807871,1,0
517.4515096,6260.93004,0.215699143,20876.43389,0.783996733,1.065349872,0,1
704.5753426,5820.100352,0.101394495,13316.37281,0.668716837,4.957510441,1,0
712.3042596,4641.601851,0.603117732,17940.88316,1.070015866,5.58707506,1,0
546.3304884,4449.763382,0.612680734,20659.63983,0.98353615,5.498835375,0,1
632.8656203,4412.362776,0.460453345,17727.26141,0.921488875,4.346653505,0,0
631.4279567,3616.384723,0.212953961,18906.73361,0.977474296,5.249504199,0,0
579.6244153,7423.063534,0.158488036,19543.00221,0.964637096,8.030889617,1,1
611.1091656,4516.519296,0.113390277,19595.60751,1.156763372,5.763468338,0,0
594.4712077,6825.737781,0.216023724,20261.29245,1.158997117,4.25326315,1,0
737.6135222,7281.974078,0.723598874,14696.97467,1.00884407,3.999604366,1,0
696.7839197,6497.466347,0.269075789,16414.91925,1.069160575,4.660295285,0,0
713.5777547,4352.569531,0.347989929,13577.07867,1.00281251,8.273479924,1,0
686.0836032,5605.595136,0.173741839,24889.07775,0.807766054,4.633398581,0,0
593.5474114,4963.70659,0.255652913,9471.765291,1.051312935,4.960411311,0,0
623.7739867,3644.447209,0.4634572,25767.95172,0.621100986,4.035372858,1,1
674.4687281,5486.538923,0.525426878,26931.74699,1.11077831,7.197966715,0,0
588.8936096,3231.440313,0.27174662,18489.09707,0.661095412,8.919674509,0,1
685.6499215,6781.519083,0.140412511,6984.314561,0.957160657,5.901226099,1,0
637.9837301,4303.074054,0.373723008,18193.44719,0.730969208,5.165545808,0,1
631.2589596,5301.739484,0.26394236,19679.07919,1.010677797,5.073565666,2,0
685.5479984,5424.931807,0.253687746,14947.0089,0.893214955,0.231386422,2,0
672.2131656,4611.642539,0.771903962,17423.90803,0.581048808,6.490301729,0,1
631.9516917,5880.040702,0.53141034,27650.97599,0.984139926,5.268332832,0,1
707.9664902,4287.644515,0.48981491,23324.63581,0.784415845,5.856684101,1,1
595.9468336,6306.945946,0.391042572,15377.17943,1.076229344,3.577075612,0,0
680.7967803,2981.03048,0.400261033,12012.00415,0.900265138,4.231086242,0,0
679.6550629,5189.569369,0.478633503,18364.91341,0.979084197,4.177950127,1,0
634.522678,7908.393499,0.587500865,18932.7161,0.708486209,7.043245968,0,1
666.3066511,3499.503013,0.591502267,22480.99594,0.782133554,4.242480327,1,1
587.4443212,3983.382544,0.220185735,17323.41644,0.808272273,9.165320644,0,1
696.201351,5770.861774,0.450078926,22557.49788,1.071340496,5.861724838,0,0
640.7548932,5269.372673,0.388370667,29675.7702,1.235475418,2.44863468,0,0
623.863849,5525.945149,0.709368876,24077.50511,0.73896565,4.742907413,2,1
702.4504613,5733.780695,0.541993245,19759.55746,1.115369629,3.696649756,1,0
614.7828155,5952.082203,0.472752846,19084.24764,0.466064516,0.61123506,1,1
579.5769352,6664.549763,0.18077625,18216.63433,0.66116212,8.19894188,0,1
572.1685413,5614.727985,0.523946523,25903.20456,0.708244309,6.406285084,0,1
680.3004976,4638.113518,0.182042734,16863.43277,0.629498262,6.066414636,0,0
585.9785324,6008.860552,0.336044603,20226.11354,0.583282322,5.330807321,0,1
737.7397091,7849.822902,0.199989375,20255.98951,0.982599782,2.235964863,1,0
545.9035296,4801.04938,0.584451553,17491.07904,0.85718646,4.032765721,1,1
734.8228184,3538.206043,0.24437648,13137.67226,0.97588108,6.68356155,0,0
660.5508734,6660.621004,0.374301561,21614.87252,1.038094537,2.89755994,2,0
645.1643444,4819.428254,0.726972344,19694.98014,0.953123399,-0.063538633,0,1
622.7540457,1740.995681,0.243021468,22501.20235,1.031552635,4.545787984,2,1
669.9568057,6271.132516,0.455463545,17331.99847,0.886093543,4.716484892,0,0
648.1182649,4197.007721,0.393490163,26104.10649,0.662601322,5.271126833,0,1
705.1650941,4864.200077,0.112686829,15616.13109,1.111562836,6.457037287,0,0
655.7113824,5497.970496,0.65493068,28560.20142,0.782177573,6.275211624,0,1
657.5150881,5285.74952,0.148332134,11261.81745,0.71288074,5.51753961,1,0
631.8193894,6064.177726,0.431978515,22173.85032,0.864416425,7.391062776,0,1
647.1527188,4346.770444,0.492474806,22377.15341,0.717437816,1.962060438,0,1
665.3900884,5769.658697,0.53989852,16022.21466,0.816513924,6.009163629,1,1
564.4915804,4610.679984,0.582042141,22121.96969,0.968810784,6.253076727,1,1
582.5907289,6108.215721,0.277290668,26397.59335,0.969668348,2.520875428,1,1
687.1632047,5923.051226,0.106985144,8915.905803,0.720433987,1.994258783,0,0
658.5432719,3596.841947,0.606410564,22513.72404,0.802458925,3.508115747,1,1
640.8008332,6628.973174,0.47495962,7533.645898,1.114866601,3.676917115,1,0
650.9216967,4196.054832,0.685282392,15171.67598,0.999280024,6.506838927,0,0
667.3790853,6212.086697,0.674971854,28145.83182,1.315013008,3.770922433,0,0
623.012016,5550.93097,0.690328317,17091.08983,1.136025635,3.287302963,0,0
611.0847637,7757.275515,0.439566262,14130.60018,1.128858614,3.776732527,0,0
659.7922628,4664.801026,0.333539877,19010.31136,0.62242629,7.237264668,0,0
601.0813611,4476.024806,0.654090742,30339.53169,1.05277207,5.026086749,0,1
670.4126378,4970.870591,0.415905879,10841.58876,0.88937864,4.641497949,1,0
564.8708198,4545.230326,0.228409537,14743.45044,0.789803639,4.779989003,1,1
701.4577819,6199.912853,0.698481814,27487.15842,0.933603068,7.584120669,2,1
673.6298741,2575.534087,0.717791914,29288.51172,1.089042307,3.501656547,1,1
662.8014867,3419.476371,0.426416829,19482.84388,1.000166318,7.631016582,0,0
699.1345492,3398.295618,0.152989809,13804.73649,0.72430524,5.420992598,1,0
733.2737222,6425.461388,0.371478263,30479.21751,1.048491783,4.679161236,1,0
700.7185033,7565.920059,0.662476362,27972.21196,0.772482492,10.001801,0,1
557.9562884,4843.326172,0.73124182,23394.73494,0.943336624,2.88872102,1,1
586.0211517,4746.767415,0.24243092,15937.98826,0.839329987,4.292628481,2,1
618.7590711,5105.078245,0.146881528,19754.8533,0.85622675,2.535137522,1,1
651.3045525,6742.817454,0.714145317,19198.19959,1.053248595,6.904923941,2,1
675.882951,3608.970299,0.372583457,21654.25652,0.691961256,8.378377867,0,0
613.7128093,5357.553474,0.479232675,27255.00719,1.289039015,8.339845563,0,1
659.3383382,6462.796445,0.777646068,24397.08521,0.535782786,7.447897506,0,1
612.2308534,5751.641255,0.14659531,14613.11962,0.780466463,4.604759064,1,1
619.4241099,5284.372425,0.553822605,26882.48225,0.974042378,4.269518045,1,1
579.6669452,6501.569139,0.151873796,21565.6607,1.016862833,1.657660455,2,1
603.8383377,945.1515605,0.36282825,23435.32898,0.879904856,9.07174707,0,1
582.4157697,6016.812979,0.662670182,27332.7043,0.888521859,5.937956156,0,1
601.2063374,4018.886475,0.403430563,14442.09875,0.982110017,4.01608619,1,1
702.6820898,2254.050655,0.798027648,19820.87211,0.853786105,7.656113778,1,1
602.5300556,5766.803899,0.491341499,17342.72724,1.178636252,3.054470966,0,0
781.6191032,7060.487818,0.324813507,12160.70287,1.067869823,5.813244068,0,0
674.665895,4793.827228,0.254077928,21733.54989,1.07456487,4.654741731,1,0
659.2418062,6429.311821,0.345364374,32557.78276,0.706768655,6.27735428,1,1
607.082111,7418.417387,0.360773292,10799.61128,0.884122315,4.872852922,0,0
685.015494,6972.37168,0.148099574,19838.59694,0.83990681,2.098144218,0,0
621.2181087,7459.946794,0.35870194,23202.71468,0.698879725,5.151152745,2,1
656.1004907,6113.191237,0.424966964,20615.39101,0.972032837,7.097728284,1,0
778.0042269,5113.150458,0.605916427,19434.35974,0.792470848,4.941567188,0,0
645.197005,2597.051282,0.559710639,13503.91818,1.031080766,6.550230243,0,0
707.4636663,4630.906268,0.596135959,21163.93371,0.685961687,2.908941029,1,1
614.8411787,3735.130107,0.105854577,16216.18011,1.243808123,4.947478413,0,0
648.2505755,8256.414076,0.25236718,9050.391475,0.720733468,3.75097909,0,0
738.5400318,4736.171281,0.563179002,25972.9611,0.943860467,6.49396168,1,0
618.6516471,5184.80721,0.438792558,24791.9291,1.058371862,5.062983125,0,1
740.6224279,5827.228064,0.103719433,20258.30488,0.785871914,6.380147353,1,0
685.3875968,5065.40367,0.66314625,21145.37344,1.070493729,7.175420852,0,0
621.8766612,7542.576561,0.640966701,25371.59006,0.65416328,6.38323715,1,1
681.620387,4066.025957,0.483893414,21121.69828,1.19042354,5.546236869,0,0
698.6277225,5291.911183,0.146524328,24520.08777,0.902829853,3.003575483,0,0
681.0904981,3886.294121,0.636560535,18512.589,0.780717718,4.994427779,0,0
571.488764,3019.966233,0.508599511,26559.91869,0.840163646,3.933819196,2,1
613.6431412,4082.346364,0.647371984,21603.92863,1.061783854,4.311872087,1,1
637.6240682,4944.444804,0.626222895,20970.25972,0.783108942,4.250931698,0,1
646.2783285,4356.046663,0.66210145,13649.69456,0.750128462,3.04014885,1,1
681.0336049,3961.36853,0.462605646,21434.77927,0.85569268,1.085322822,1,1
658.88505,2890.523804,0.198227163,15840.22541,0.664607577,3.663713903,2,1
583.2327821,4875.341641,0.569810231,16808.58637,1.264108782,5.386758904,0,0
669.0098926,2742.919439,0.53433165,15923.12186,0.786721082,2.303645909,1,1
680.5292873,6140.083946,0.619577231,14668.82534,1.066323357,5.031364473,0,0
677.9895224,5123.659629,0.218916704,30623.85702,0.941894017,8.800536849,0,0
704.0390363,2813.672751,0.23648264,26656.69531,0.70309319,7.046113111,2,1
691.6961077,4536.186384,0.723286662,29601.83751,0.898809058,8.287083018,1,1
672.959004,3871.765392,0.624984459,13885.5249,1.056800556,5.782255754,0,0
646.4917144,5478.761766,0.735759942,20356.26875,0.862347733,7.335019646,0,1
566.9519533,7010.675669,0.631100725,13532.46187,1.138622589,3.552070539,1,1
671.480911,2187.241296,0.518008714,16521.52561,1.104303079,3.711319466,1,0
660.3843844,5172.539119,0.557892916,15409.36508,1.083782971,-0.478280412,0,0
663.5789419,4759.800807,0.722389547,26197.92003,0.808068646,7.372290948,2,1
586.1625712,6007.010115,0.505164728,18018.85161,0.68403151,8.08064796,0,1
595.947173,5319.794942,0.542673927,25341.89667,0.777282479,3.893645509,0,1
702.6576427,3872.046002,0.209533701,23020.60445,0.939248188,4.492096587,2,0
648.0222423,4521.419097,0.431744854,31518.19376,1.009157343,3.492275773,0,0
684.0750349,3805.961215,0.601477978,12602.77888,0.465685719,5.765307103,0,0
651.4159188,6614.010708,0.289659889,26296.1662,0.89837736,7.249865091,1,1
651.487807,5031.967473,0.241577926,25732.20435,0.931617845,1.514456052,1,1
696.9141903,7851.786029,0.319678766,15133.10581,0.844491149,5.818877061,0,0
624.1977636,4909.008779,0.26905044,25035.66668,1.158254768,4.446656457,2,1
654.8060388,3937.38985,0.250438846,21680.72482,0.984356015,5.226788784,1,0
626.8862356,2729.428411,0.39739559,18862.6187,1.162038382,5.917988003,0,0
628.2751886,2295.290486,0.73548696,15880.32257,0.856807896,4.623595122,1,1
634.5413938,2623.796085,0.454941753,16404.45274,1.087495499,4.792826293,0,0
661.1066886,5400.689977,0.231544267,30249.06048,1.227013279,4.572249665,0,0
626.0625689,5763.087535,0.153880169,20003.41409,1.16233869,6.940632404,1,0
712.7878063,2628.213947,0.587309302,23910.65001,0.681571681,5.83751992,2,1
605.2696349,6342.557471,0.367959135,16045.50309,0.849264784,5.441167075,0,1
640.6564178,4275.408422,0.675281663,16100.73527,0.830967059,2.458096558,0,1
628.0134471,5220.189518,0.561657538,25409.92405,0.997850907,4.242840514,0,1
722.3488942,7418.330942,0.657369015,13252.11894,1.037270711,6.797338321,0,0
659.8277388,6345.258974,0.290362228,17923.93116,0.732221465,5.075393146,0,0
701.592227,4597.204028,0.584651246,20170.13706,0.913567703,6.319062939,0,0
575.7219813,3663.211662,0.284843389,20556.86301,0.496014534,8.533023601,1,1
663.3525133,1772.276898,0.757347936,19104.53357,1.188389001,7.077212138,0,0
694.4815398,3921.270021,0.545461997,21979.09891,0.797525152,5.186316675,0,0
654.1141995,4683.304642,0.32715826,23464.27878,0.911172788,3.97802166,1,1
703.2740188,3519.230709,0.288658304,23673.18773,0.838070057,-0.107099192,1,0
624.1355775,4803.114549,0.23364861,15070.98096,1.129205515,4.663230155,0,0
720.467372,5115.277824,0.586248671,18579.22451,0.332498712,4.347975008,0,0
764.9449062,4662.716027,0.253100929,25973.81431,0.896677932,5.780732389,1,0
631.858072,4024.996129,0.516712286,24473.23594,0.878836249,4.692189546,0,1
627.7248739,5252.982008,0.285244519,13135.70274,0.809272722,4.359229881,0,0
722.6692239,5662.910974,0.563378261,21757.3995,1.245245309,1.441202139,1,0
728.9786073,3364.401384,0.67045781,10108.87375,0.722534108,3.120064342,0,0
623.8569986,7116.39857,0.64461767,20234.67451,1.054359235,5.953302082,0,1
628.9906591,4852.117802,0.632595932,29488.83508,0.971250558,8.431815262,0,1
635.9107696,5028.274434,0.231405684,15260.53641,1.152303851,4.804949233,0,0
582.7774744,6062.321635,0.161869463,15828.38477,0.766562183,5.655622147,0,1
604.0674027,5349.824197,0.58926418,23820.14891,0.75340622,6.904956314,3,1
599.7929617,6429.704951,0.35784305,12285.99242,1.119213981,3.378212128,0,0
611.6101217,5430.686248,0.402642358,16836.22485,0.985064262,5.733628087,0,0
648.2657556,4081.343938,0.121804365,22982.20569,0.591012531,3.519019787,0,0
661.7107366,5542.255288,0.281703514,16828.57076,0.792138997,6.729648877,2,0
727.5250246,3284.410689,0.123573483,18820.15006,0.977276531,5.302806096,1,0
600.082298,5162.839559,0.715430041,23720.92855,1.067552844,5.596903628,0,1
699.2161199,4950.155014,0.270377678,22107.73042,0.764153869,3.434802805,1,0
639.3005578,4687.824714,0.490136019,21334.09198,0.317148802,6.414064719,0,1
647.5268145,4807.193733,0.127285524,18304.3886,1.004644637,9.169425842,0,0
683.7409746,2177.226432,0.566793174,21850.30558,0.655935862,2.984176609,0,1
593.8638989,4176.912638,0.326119142,19381.3366,0.49653224,4.320481985,0,1
669.1204873,5139.267352,0.728543431,22289.02805,0.333534815,5.463214948,0,1
658.3226104,5239.784588,0.721682732,17515.33987,1.062796172,6.572812424,1,1
674.6225632,3458.487289,0.327703433,19087.15513,0.92572349,3.880907429,0,0
664.4584322,6898.561761,0.730672627,15050.21104,0.854868724,-0.66606058,1,1
772.765007,3700.737728,0.797310371,19824.96195,1.177804873,7.718378988,0,0
618.1130008,6454.185801,0.677790965,15944.99568,1.027464937,6.521012239,0,1
623.4501522,5640.791543,0.691409943,14429.76775,1.223260009,1.514104939,0,0
618.8429737,4030.659035,0.274306115,21293.30574,0.621452906,3.784862416,2,1
622.226144,7662.966339,0.503691679,21063.69888,0.893089875,8.136364859,0,1
618.1306436,3209.544752,0.14707914,23914.36867,0.576657325,7.895592837,1,1
709.4508266,6378.73126,0.166442556,17844.37215,0.854123534,6.877280045,0,0
721.0252124,6500.873477,0.799224828,22040.26423,0.850276829,4.647775132,0,0
621.4626853,3994.069686,0.328647475,22753.98786,1.025322727,5.165974838,0,0
608.3822213,7088.69795,0.623728738,22223.86904,0.909112776,4.73814839,0,1
673.5707778,4624.930228,0.664665537,15871.73159,1.024681428,7.256479567,0,0
622.3888478,5433.040444,0.70061629,20746.81741,1.040688027,3.248315187,0,1
681.6465909,5390.482758,0.798339808,21820.70148,1.330985735,3.38840069,1,0
660.146151,4798.536888,0.26904754,20035.89233,0.836940669,7.020549174,0,0
574.2127943,6216.21241,0.128245579,9567.611708,0.71179546,4.911277089,1,1
727.3752601,6190.233081,0.387834063,20802.44812,0.949216723,7.756934711,0,0
739.7938837,2377.20204,0.191056469,31062.6552,0.739543995,3.656975586,0,0
619.3605655,6956.510364,0.115698122,18199.80366,1.196392154,4.890443279,1,0
630.614922,2506.262018,0.352298779,16359.61451,0.843356392,3.15517403,0,0
664.2932695,6548.819307,0.648616776,21866.7428,0.786884726,5.014725363,0,1
666.7228395,6690.057705,0.496326484,21561.89105,0.805736856,2.042906126,1,1
682.9272136,3363.550355,0.318944592,25963.67583,1.043683485,4.024733158,1,0
750.5102269,4383.778568,0.558039404,13710.65922,0.868450603,2.12749227,0,0
641.1526386,3341.442997,0.262412726,23656.90126,0.771666636,6.387846466,0,1
610.0851378,4677.618455,0.110067012,22952.11031,1.233070384,6.43317868,2,0
581.0340386,4537.948574,0.635047371,19289.26732,0.728766032,1.539474539,0,1
613.453498,6169.490798,0.536620159,21693.43659,0.907113215,7.667771491,1,1
648.3436514,6965.463119,0.633611837,25147.28741,1.03046123,9.994830253,0,1
739.7278932,7093.525716,0.127256612,24361.5769,0.573732978,5.092012773,0,0
624.119435,4156.74796,0.685983739,14284.90344,0.9960521,3.71777148,1,1
661.1893976,4686.167189,0.53366834,24100.79093,0.688978465,10.64866118,1,1
649.1788552,2474.842712,0.494376745,19676.55697,1.064556556,2.362063003,0,0
709.4196637,3791.1949,0.537229834,20364.37049,0.707469798,5.040212934,0,0
776.3466213,6447.27745,0.705103273,20365.98496,1.038553806,5.359244545,1,0
623.4565614,7423.374235,0.510855555,19248.78506,1.121166613,7.690295241,1,1
625.5280279,3148.476692,0.506665266,25958.53749,1.072287305,5.71947795,0,1
702.2080439,4111.303611,0.79347541,19581.4102,0.95026333,4.002732208,1,1
684.0945745,4960.391365,0.629711117,14402.26936,0.853739811,3.097631259,1,0
742.3353663,5420.241738,0.409605664,18032.35072,0.784716085,4.31635636,1,0
679.1964093,3785.59472,0.5951779,20893.47358,1.194206938,2.986145278,1,0
632.0353955,5636.091567,0.37246133,26146.07392,0.760100956,5.09565064,0,1
679.5327415,4289.240979,0.260212824,23015.47342,0.692586785,3.87160764,1,1
705.435179,4978.321594,0.517796314,15747.32361,1.033073787,2.011924413,1,0
691.0241091,5819.426372,0.749727469,32425.94958,0.740772639,7.510291577,0,1
675.3637016,5009.633405,0.750397664,21323.87655,0.709987301,4.004654953,0,1
703.3337345,4345.421164,0.339333695,26376.95369,0.611279148,2.46372639,0,0
708.4647795,4835.585294,0.469374226,19241.42783,0.803418032,4.663481731,1,0
719.1079496,4867.455561,0.248145129,22666.79622,0.883456995,5.136743132,0,0
682.4354944,4444.983455,0.796941777,24197.34252,0.948618346,1.507066549,1,1
641.644096,4611.805906,0.786782536,26090.97356,1.090261249,5.663295334,2,1
657.3356843,7397.970756,0.554656251,25286.84153,1.005379585,2.905684863,1,1
710.3254483,5841.379172,0.663089842,24360.985,0.861825556,8.422057618,2,1
609.1532165,4556.779523,0.600570113,18424.56634,0.860360865,6.047921024,2,1
668.4336654,6045.431607,0.515210753,17141.26979,1.002031494,4.20020002,0,0
630.3330594,4499.270765,0.137343598,21663.03755,1.154514033,3.509664459,1,0
651.4372411,6759.686956,0.41833504,24665.64036,0.92526284,4.790064585,0,0
713.9225931,5554.463288,0.572350412,18886.3965,0.806173829,6.225581483,1,0
659.5549534,4839.046784,0.57427213,25325.85983,0.7014268,4.949011743,0,1
652.3218274,5671.575389,0.361185833,27263.08373,0.610958947,4.565682386,2,1
582.007193,2643.685772,0.759184391,15418.3954,1.033253934,5.116740582,1,1
687.3126783,3309.848797,0.217149923,15815.39648,1.015595705,3.792282138,1,0
682.2742091,3209.11249,0.450251612,19298.12471,1.015472705,4.313588146,0,0
758.1627362,5214.414642,0.583618784,21538.06334,0.874268111,0.828415122,0,0
634.6110883,7598.772499,0.587995064,17377.16493,1.181386949,6.947452462,1,0
660.9575164,8346.950219,0.55404727,26761.01339,0.803176301,5.597595561,0,1
662.4691842,5957.076652,0.292701749,22120.33431,1.091053847,3.453088312,1,0
728.872664,5751.266712,0.209344598,20197.23524,0.892251421,8.797469963,0,0
645.2352234,2298.413399,0.545158229,12820.45238,0.778329847,5.174032961,1,1
663.9510763,4185.9893,0.519511481,13420.92092,1.018506061,2.927712856,0,0
680.3948255,3818.324372,0.225549207,21405.04625,0.981927224,6.713474843,1,0
659.3304562,4068.728603,0.593597402,9337.021869,0.971394552,5.796096433,1,0
627.6783193,4747.784272,0.418620394,25063.18705,0.916255684,5.789159971,0,1
659.7044996,4291.864133,0.567432414,19209.23078,0.892421384,4.148488791,0,0
703.6815875,2031.050284,0.686156956,36215.46485,1.377674399,5.900991448,0,0
598.674235,6121.865384,0.2188099,31539.58125,1.136851329,4.47648342,1,1
656.6484837,3390.885461,0.113401408,19092.75465,1.044565379,6.111882903,1,0
614.9939593,5358.870296,0.64537181,19468.31499,0.922359832,1.190111092,1,1
709.7523314,8111.124005,0.526788198,24977.90757,1.10143144,4.132253074,0,0
573.8406548,3620.923113,0.589747699,28515.86305,1.003598955,8.444310196,0,1
622.0539076,1204.568716,0.686708482,11809.85471,0.905240951,3.465865089,0,1
668.8605938,4570.993667,0.661967654,11068.12267,0.839287135,3.792323405,0,0
728.2762015,6651.439452,0.772644103,16889.82597,0.883816532,4.104077323,0,0
646.7124869,7937.521181,0.475154555,22913.68792,0.265914853,2.570387728,2,1
622.2400237,3155.675608,0.441946943,22484.36795,0.942120168,0.583438448,1,1
744.0578535,5745.048835,0.38132104,25348.85727,0.802304784,4.538827203,0,0
577.599305,4302.034315,0.20758373,14001.51236,1.218534,5.271718848,1,0
540.0597022,4841.077469,0.500825063,8419.280685,0.903868814,4.894989863,1,1
672.0007225,8966.515021,0.293908767,24290.07098,0.662207316,4.710242876,0,0
624.8972888,2745.544507,0.744915259,15859.01864,0.890023969,5.086081742,0,1
598.9383591,5380.609492,0.508233563,9907.560678,0.690775783,7.045682943,0,1
685.4178224,5701.539758,0.514988126,20725.31873,0.994681483,4.619107628,0,0
662.1900357,6628.679487,0.348447263,23965.87844,0.958189473,3.851834846,2,1
621.7960685,5146.97473,0.136392546,19389.71434,1.091567926,4.43774903,1,0
585.9847801,5462.075809,0.122220636,17710.75807,0.741823642,6.15869352,0,1
693.6228664,4412.527149,0.396334601,19203.18884,0.906801619,7.824053757,0,0
682.5100589,5403.690412,0.159195765,18147.08619,0.626995641,3.743712522,1,0
645.0412068,4485.211587,0.524792869,13259.76444,1.040298956,5.197867574,1,0
742.3318498,5932.357835,0.716681104,16426.59662,1.003774236,5.676714884,1,0
596.4957617,4445.584496,0.718040372,22606.39953,0.999161004,3.014843987,1,1
573.7237415,5565.650591,0.561331787,21608.39271,0.900323806,5.040834334,0,1
615.4045965,4956.105779,0.247862282,20840.29903,0.982954578,2.068652285,1,1
647.7206992,6689.075376,0.704097782,15024.25759,1.220867822,1.461899393,1,0
662.1669725,4922.909415,0.720265405,19092.48419,0.842981149,5.733492816,0,1
637.9381971,2340.451298,0.237657509,9114.674768,0.927729037,4.232250517,1,0
667.6027698,6892.882251,0.61619826,20892.38332,0.68277474,5.404560815,0,1
587.4230288,3641.401549,0.300563684,27144.28854,0.726347808,4.964210046,0,1
722.1882302,4019.350492,0.661848219,12629.33934,0.919562659,3.047199903,0,0
645.8924411,4106.508059,0.79806653,17070.36163,1.120786709,4.909491396,0,0
705.8647916,7061.65714,0.121018204,21645.53389,0.848743835,2.53379739,0,0
667.1362673,1796.488679,0.728156106,26264.21317,0.852816694,7.781944716,0,1
672.837661,9706.6228,0.535841374,17758.87692,0.818622951,2.28805931,0,0
678.488364,6584.085214,0.781367833,16538.74835,0.793048666,4.608429458,0,1
672.385428,5334.858371,0.425506662,10155.38429,0.958994291,2.915456824,0,0
682.136138,4917.658999,0.693171551,20517.19065,0.600548471,6.140842347,0,1
716.4576265,5428.331112,0.143675848,30210.3802,1.156187915,4.337137257,1,0
659.8260585,5781.683643,0.334695335,21386.79231,0.76691554,3.962666561,0,0
685.4501879,5967.823379,0.146911576,19888.6051,1.044380697,6.70640309,0,0
645.5132153,5833.406699,0.782740193,21610.41155,0.646000281,5.058861183,1,1
722.0058608,5134.371022,0.671881735,19944.53998,1.033768026,6.033288892,1,0
616.1803849,4703.99237,0.696783195,15934.92814,1.034388922,3.037348127,1,1
740.0470216,4773.090075,0.756575662,24116.39958,0.976840414,2.190366112,0,0
647.9921025,4707.637579,0.15957244,21128.80762,0.701114296,5.214415924,0,0
578.4612449,6700.655145,0.369918315,20088.06626,0.949909638,4.362307289,1,1
656.4052207,5890.335083,0.149724422,15123.16986,0.663388763,6.252869345,0,0
615.9474171,589.417048,0.247555171,26517.53966,0.849447349,4.840183095,0,1
692.0321774,5983.851165,0.260556044,23323.51373,1.10588262,5.410150678,0,0
617.368801,5292.104292,0.428375048,17235.39581,1.059340385,1.75323494,1,1
627.6908283,4971.936865,0.287993517,25009.12427,0.903036589,8.776873879,0,1
555.5229635,4417.22232,0.170684675,17512.14581,0.705038685,4.67151603,2,1
627.384684,6686.16908,0.217243762,16089.98254,1.029117542,6.395173941,1,0
528.8060337,6421.289693,0.203092894,16201.48441,0.903876248,3.32781666,0,0
570.8048588,3840.683498,0.781153759,11144.65723,0.43593688,5.616019804,1,1
688.0207328,5610.578431,0.631504755,22357.7119,1.056525965,2.394310473,1,0
689.2900079,3542.514898,0.777433026,10844.27561,0.895153433,5.904135677,1,0
671.2728781,2930.572753,0.407818341,13857.78084,1.14049025,4.288051831,0,0
601.6511928,4059.924163,0.294857937,9622.059955,0.680945896,5.058381008,1,1
647.6144322,6293.590209,0.658805238,19569.65154,0.264659237,6.39594806,0,1
649.819873,6429.687568,0.328377743,19248.3977,0.955816772,2.534919378,2,0
592.0817655,5769.62813,0.309568362,18366.51893,0.958312735,3.631016539,0,0
725.1699151,6087.64368,0.262754195,14787.11153,0.561865674,5.914648562,0,0
693.8681145,5774.267431,0.190775285,14138.83123,0.704300091,9.196442949,1,0
638.9517913,4037.777607,0.279524143,22321.84932,1.451043549,4.723835331,1,0
651.3442919,5647.883817,0.348723824,17247.24034,0.838877877,6.182272236,1,0
660.4191404,6200.614288,0.571795946,21581.79161,1.046191795,4.78605706,0,0
547.9132566,6131.436995,0.14379539,15573.75657,0.769868035,8.88449119,0,1
637.6411309,6783.370057,0.247354858,20905.31371,0.48193942,1.505556666,2,1
615.9007876,6062.455771,0.666316548,26516.39019,0.865948351,5.189242089,1,1
599.9189995,5527.172311,0.202845347,22930.829,0.846879088,1.748911933,1,1
635.9449854,6605.225357,0.339851603,17937.93091,0.820024352,-0.013143141,0,0
739.8843263,4960.218111,0.705261245,21285.99485,0.877071833,5.594924106,0,0
682.0421431,3677.188023,0.208447718,18796.67413,0.952853654,5.278995592,1,0
621.4410505,4755.399554,0.157915785,20039.40092,0.86997661,4.430326125,1,1
678.6291391,3882.646033,0.439176597,18371.94474,0.647198766,4.78761182,0,0
